Model,PMR,Kendall_Tau,Out_Of_Range_Count,Wrong_Num_Sentences_Count
GPT-5 Nano,0.4321340964840556,0.7252657399836401,0,0
LLaMA-3,0.041155329593267884,0.3449333800841569,11,24
Qwen,0.5889839806890498,0.8360763660302925,0,1
